{"Angus": "https://upload.wikimedia.org/wikipedia/commons/thumb/d/df/Flag_of_Angus.png/100px-Flag_of_Angus.png", "Cambridgeshire": "https://upload.wikimedia.org/wikipedia/commons/thumb/1/1c/Flag_of_Cambridgeshire.svg/100px-Flag_of_Cambridgeshire.svg.png", "Cornwall": "https://upload.wikimedia.org/wikipedia/commons/thumb/b/b8/Flag_of_Cornwall.svg/100px-Flag_of_Cornwall.svg.png", "Cumbria": "https://upload.wikimedia.org/wikipedia/commons/thumb/0/0e/County_Flag_of_Cumbria.svg/100px-County_Flag_of_Cumbria.svg.png", "Durham": "https://upload.wikimedia.org/wikipedia/commons/thumb/8/8d/Flag_of_Durham_County_Council.svg/100px-Flag_of_Durham_County_Council.svg.png", "East Sussex": "https://upload.wikimedia.org/wikipedia/commons/thumb/1/12/Flag_of_East_Sussex.svg/100px-Flag_of_East_Sussex.svg.png", "Greater Manchester": "https://upload.wikimedia.org/wikipedia/commons/thumb/f/fe/Unofficial_County_Flag_of_Greater_Manchester.svg/100px-Unofficial_County_Flag_of_Greater_Manchester.svg.png", "Hampshire": "https://upload.wikimedia.org/wikipedia/commons/thumb/4/4c/County_Flag_of_Hampshire.svg/100px-County_Flag_of_Hampshire.svg.png", "Herefordshire": "https://upload.wikimedia.org/wikipedia/commons/thumb/7/79/County_Flag_Of_Herefordshire.svg/100px-County_Flag_Of_Herefordshire.svg.png", "Hertfordshire": "https://upload.wikimedia.org/wikipedia/commons/thumb/2/2a/FlagOfHertfordshire.PNG/100px-FlagOfHertfordshire.PNG", "Isle of Wight": "https://upload.wikimedia.org/wikipedia/commons/thumb/7/75/Flag_of_the_Isle_of_Wight.svg/100px-Flag_of_the_Isle_of_Wight.svg.png", "Lancashire": "https://upload.wikimedia.org/wikipedia/commons/thumb/c/cf/Flag_of_Lancashire_County_Council.svg/100px-Flag_of_Lancashire_County_Council.svg.png", "Leicestershire": "https://upload.wikimedia.org/wikipedia/commons/thumb/9/9c/Flag_of_Leicestershire.svg/100px-Flag_of_Leicestershire.svg.png", "Norfolk": "https://upload.wikimedia.org/wikipedia/commons/thumb/0/09/County_Flag_of_Norfolk.svg/100px-County_Flag_of_Norfolk.svg.png", "Northumberland": "https://upload.wikimedia.org/wikipedia/commons/thumb/6/61/Flag_of_Northumberland.svg/100px-Flag_of_Northumberland.svg.png", "Orkney Islands": "https://upload.wikimedia.org/wikipedia/commons/thumb/4/42/2007_Flag_of_Orkney.svg/100px-2007_Flag_of_Orkney.svg.png", "Rutland": "https://upload.wikimedia.org/wikipedia/commons/thumb/1/1a/Rutland_County_Flag.svg/100px-Rutland_County_Flag.svg.png", "Shetland Islands": "https://upload.wikimedia.org/wikipedia/commons/thumb/0/0a/Flag_of_Shetland.svg/100px-Flag_of_Shetland.svg.png", "Staffordshire": "https://upload.wikimedia.org/wikipedia/commons/thumb/5/50/Banner_of_arms_of_Staffordshire_council.png/100px-Banner_of_arms_of_Staffordshire_council.png", "Warwickshire": "https://upload.wikimedia.org/wikipedia/commons/thumb/3/36/County_Flag_of_Warwickshire.svg/100px-County_Flag_of_Warwickshire.svg.png", "West Sussex": "https://upload.wikimedia.org/wikipedia/commons/thumb/7/7e/Flag_of_West_Sussex.svg/100px-Flag_of_West_Sussex.svg.png", "Worcestershire": "https://upload.wikimedia.org/wikipedia/commons/thumb/f/f8/County_Flag_of_Worcestershire.png/100px-County_Flag_of_Worcestershire.png", "Country": "https://upload.wikimedia.org/wikipedia/en/a/ae/Flag_of_the_United_Kingdom.svg"}