{"Ontario": "https://upload.wikimedia.org/wikipedia/commons/thumb/8/88/Flag_of_Ontario.svg/150px-Flag_of_Ontario.svg.png", "Quebec": "https://upload.wikimedia.org/wikipedia/commons/thumb/5/5f/Flag_of_Quebec.svg/150px-Flag_of_Quebec.svg.png", "Nova Scotia": "https://upload.wikimedia.org/wikipedia/commons/thumb/9/9a/Nova_Scotia_flag.svg/150px-Nova_Scotia_flag.svg.png", "New Brunswick": "https://upload.wikimedia.org/wikipedia/commons/thumb/f/fb/Flag_of_New_Brunswick.svg/150px-Flag_of_New_Brunswick.svg.png", "Manitoba": "https://upload.wikimedia.org/wikipedia/commons/thumb/c/c4/Flag_of_Manitoba.svg/150px-Flag_of_Manitoba.svg.png", "British Columbia": "https://upload.wikimedia.org/wikipedia/commons/thumb/b/b8/Flag_of_British_Columbia.svg/150px-Flag_of_British_Columbia.svg.png", "Prince Edward Island": "https://upload.wikimedia.org/wikipedia/commons/thumb/d/d7/Flag_of_Prince_Edward_Island.svg/150px-Flag_of_Prince_Edward_Island.svg.png", "Saskatchewan": "https://upload.wikimedia.org/wikipedia/commons/thumb/b/bb/Flag_of_Saskatchewan.svg/150px-Flag_of_Saskatchewan.svg.png", "Alberta": "https://upload.wikimedia.org/wikipedia/commons/thumb/f/f5/Flag_of_Alberta.svg/150px-Flag_of_Alberta.svg.png", "Newfoundland and Labrador": "https://upload.wikimedia.org/wikipedia/commons/thumb/d/dd/Flag_of_Newfoundland_and_Labrador.svg/150px-Flag_of_Newfoundland_and_Labrador.svg.png", "Country": "https://upload.wikimedia.org/wikipedia/commons/d/d9/Flag_of_Canada_%28Pantone%29.svg"}