{"New South Wales": "https://upload.wikimedia.org/wikipedia/commons/thumb/0/0f/Flag_of_the_Governor_of_New_South_Wales.svg/150px-Flag_of_the_Governor_of_New_South_Wales.svg.png", "Queensland": "https://upload.wikimedia.org/wikipedia/commons/thumb/6/65/Flag_of_the_Governor_of_Queensland.svg/150px-Flag_of_the_Governor_of_Queensland.svg.png", "South Australia": "https://upload.wikimedia.org/wikipedia/commons/thumb/3/30/Flag_of_the_Governor_of_South_Australia.svg/150px-Flag_of_the_Governor_of_South_Australia.svg.png", "Tasmania": "https://upload.wikimedia.org/wikipedia/commons/thumb/f/f1/Flag_of_the_Governor_of_Tasmania.svg/150px-Flag_of_the_Governor_of_Tasmania.svg.png", "Victoria": "https://upload.wikimedia.org/wikipedia/commons/thumb/3/30/Flag_of_the_Governor_of_Victoria.svg/150px-Flag_of_the_Governor_of_Victoria.svg.png", "Western Australia": "https://upload.wikimedia.org/wikipedia/commons/thumb/4/46/Flag_of_the_Governor_of_Western_Australia.svg/150px-Flag_of_the_Governor_of_Western_Australia.svg.png", "Country": "https://upload.wikimedia.org/wikipedia/commons/8/88/Flag_of_Australia_%28converted%29.svg"}